name,price,link,image_url,source_url
Kyocera ECOSYS MA4500ix Mono Multifunction Laser Printer,"Ksh 150,000",https://abmltd.co.ke/products/kyocera-ecosys-ma4500ix-mono-multifunction-laser-printer__3acfc49a-a3fc-4aa1-8204-856638a2c306,https://api.sooq.africa/images/3fd01da5-f0c9-43ed-8af5-885097debd16.png,https://abmltd.co.ke/departments/new_printers
Pantum BM5100ADW A4 Mono Laser Printer,"Ksh 55,000",https://abmltd.co.ke/products/pantum-bm5100adw-a4-mono-laser-printer__79bd9f37-dbd3-417e-8497-5770aaa61ffa,https://api.sooq.africa/images/1c433528-03a2-4729-a983-686ae127f18d.jpg,https://abmltd.co.ke/departments/new_printers
Pantum CM1100DW A4 Color Laser Printer,"Ksh 60,000",https://abmltd.co.ke/products/pantum-cm1100dw-a4-color-laser-printer__4fe596ae-3369-434d-b82c-402585e55410,https://api.sooq.africa/images/f00265f2-fb09-42ab-8754-bc0bc8f1e795.jpg,https://abmltd.co.ke/departments/new_printers
Pantum M7100DW A4 Mono Laser Printer,"Ksh 32,000",https://abmltd.co.ke/products/pantum-m7100dw-a4-mono-laser-printer__a307a843-afeb-4ed3-996f-382d99d02389,https://api.sooq.africa/images/006673a2-39e3-4cd7-a55a-6d6afb0d69e5.jpg,https://abmltd.co.ke/departments/new_printers
Pantum CM1100ADW A4 Color Laser Printer,"Ksh 75,000",https://abmltd.co.ke/products/pantum-cm1100adw-a4-color-laser-printer__457b8eaa-f606-48be-86f2-1652955e1a3c,https://api.sooq.africa/images/70eec11d-668a-4b1c-b0f1-d81cb513cd90.jpg,https://abmltd.co.ke/departments/new_printers
Pantum BM5100FDW A4 Mono Laser Printer,"Ksh 60,000",https://abmltd.co.ke/products/pantum-bm5100fdw-a4-mono-laser-printer__64e4cc71-2744-47c3-b715-044175a996b4,https://api.sooq.africa/images/7aff2cab-5229-4af8-b92c-f02af9f68cf9.jpg,https://abmltd.co.ke/departments/new_printers
Pantum M6559NW A4 Mono Laser Printers,"Ksh 27,000",https://abmltd.co.ke/products/pantum-m6559nw-a4-mono-laser-printers__1a4d528a-9744-47d0-92aa-47d50087131c,https://api.sooq.africa/images/179f2d41-9d34-48d6-844a-2d2ad5ce4320.png,https://abmltd.co.ke/departments/new_printers
Ricoh Aficio IM4000A A3 Mono Laser MFP Printer,"Ksh 525,000",https://abmltd.co.ke/products/ricoh-aficio-im4000a-a3-mono-laser-mfp-printer__74b10a34-aa38-4e52-9f03-e844bed33c94,https://api.sooq.africa/images/c096f0bc-76c5-486b-9138-8dc455f7cb3e.jpg,https://abmltd.co.ke/departments/new_printers
Ricoh Aficio IM3500 A3 Mono Laser MFP Printer,"Ksh 420,000",https://abmltd.co.ke/products/ricoh-aficio-im3500-a3-mono-laser-mfp-printer__67bdd34e-ca64-49d1-8dd1-8fe888c23d3d,https://api.sooq.africa/images/9cb19efc-f9a1-430b-9b1d-bb92bac572af.jpg,https://abmltd.co.ke/departments/new_printers
Pantum P3010DW Monochrome Laser Printer,"Ksh 26,000",https://abmltd.co.ke/products/pantum-p3010dw-monochrome-laser-printer__e01e634f-fd51-4931-b184-09f3420fd042,https://api.sooq.africa/images/09643b06-a218-48ee-9ca5-50873a7a4568.png,https://abmltd.co.ke/departments/new_printers
Pantum M7310DW A4 Mono Laser Printer,"Ksh 37,000",https://abmltd.co.ke/products/pantum-m7310dw-a4-mono-laser-printer__bced864a-498b-488d-b7a8-a0641c374bf3,https://api.sooq.africa/images/81ab02b3-945e-41b3-8774-add15f8c1fab.jpg,https://abmltd.co.ke/departments/new_printers
Ricoh M2700 A3 Mono Laser MFP Printer,"Ksh 100,000",https://abmltd.co.ke/products/ricoh-m2700-a3-mono-laser-mfp-printer__75ea8854-f134-436e-8315-4c1e6da2d98e,https://api.sooq.africa/images/0e2eb525-5451-4feb-8c15-a880208ebfec.jpg,https://abmltd.co.ke/departments/new_printers
Pantum P2509W A4 Mono Laser Printer,"Ksh 18,000",https://abmltd.co.ke/products/pantum-p2509w-a4-mono-laser-printer__38759512-566c-4e1f-bbc8-00f195b44aab,https://api.sooq.africa/images/7c75d848-c37e-47c0-b793-e3954c1ce52b.jpg,https://abmltd.co.ke/departments/new_printers
KYOCERA ECOSYS MA3500cix A4 Colour Multifunctional Laser Pri...,"Ksh 140,000",https://abmltd.co.ke/products/kyocera-ecosys-ma3500cix-a4-colour-multifunctional-laser-pri---__0b3a4d0c-b5cf-454e-b181-712d347b35b3,https://api.sooq.africa/images/323be451-1007-4da6-9642-83cdf8720bd1.png,https://abmltd.co.ke/departments/new_printers
Kyocera ECOSYS M4125idn,"Ksh 250,000",https://abmltd.co.ke/products/kyocera-ecosys-m4125idn__11df890d-bf9e-4208-84e1-f32da621c824,https://api.sooq.africa/images/8fc26eda-626b-421e-bb1f-d113f7c1906b.png,https://abmltd.co.ke/departments/new_printers
Kyocera ECOSYS M8124cidn,"Ksh 390,000",https://abmltd.co.ke/products/kyocera-ecosys-m8124cidn__ead245ce-4875-4f53-a94e-8b1268d127a8,https://api.sooq.africa/images/5f066270-36b0-42d6-a089-e452473d2220.png,https://abmltd.co.ke/departments/new_printers
Kyocera ECOSYS M3655idn,"Ksh 50,000",https://abmltd.co.ke/products/kyocera-ecosys-m3655idn__db5ae647-a536-42db-a2f3-97f2fe7faa54,https://api.sooq.africa/images/279f6e9c-b2d1-4126-8ebc-4d134549ae57.png,https://abmltd.co.ke/departments/new_printers
Kyocera Ecosys M4125idn,"Ksh 250,000",https://abmltd.co.ke/products/kyocera-ecosys-m4125idn__7d4bc919-8138-4457-b080-fd8e45c0d93c,https://api.sooq.africa/images/c0931d15-f23f-4fe3-be45-fdd9db81ccab.PNG,https://abmltd.co.ke/departments/new_printers
Kyocera TASKalfa 2554ci,"Ksh 675,000",https://abmltd.co.ke/products/kyocera-taskalfa-2554ci__13905a6e-6926-4805-a080-59e97af113f4,https://api.sooq.africa/images/ab64e7b3-b61e-4ac2-8a3e-db70ac6a87e0.PNG,https://abmltd.co.ke/departments/new_printers
Pantum M6509NW A4 Mono Laser Printer,"Ksh 23,000",https://abmltd.co.ke/products/pantum-m6509nw-a4-mono-laser-printer__3cf1fb68-37a5-4e26-b949-2c0272a30332,https://api.sooq.africa/images/6f24f39b-79ff-4b21-9437-e116ba0dd2e0.jpg,https://abmltd.co.ke/departments/new_printers
Pantum M6700DW A4 Mono Laser Printer,"Ksh 30,000",https://abmltd.co.ke/products/pantum-m6700dw-a4-mono-laser-printer__852ff92d-1d81-4856-877a-54f4d5d8431f,https://api.sooq.africa/images/db6eaf79-4257-4888-bf41-fe63ae3fd190.jpg,https://abmltd.co.ke/departments/new_printers
Pantum BM5100ADW A4 Mono Laser Printer,"Ksh 55,000",https://abmltd.co.ke/products/pantum-bm5100adw-a4-mono-laser-printer__79bd9f37-dbd3-417e-8497-5770aaa61ffa,https://api.sooq.africa/images/1c433528-03a2-4729-a983-686ae127f18d.jpg,https://abmltd.co.ke/departments/new_printers/brands/new_pantum_printers
Pantum CM1100DW A4 Color Laser Printer,"Ksh 60,000",https://abmltd.co.ke/products/pantum-cm1100dw-a4-color-laser-printer__4fe596ae-3369-434d-b82c-402585e55410,https://api.sooq.africa/images/f00265f2-fb09-42ab-8754-bc0bc8f1e795.jpg,https://abmltd.co.ke/departments/new_printers/brands/new_pantum_printers
Pantum M7100DW A4 Mono Laser Printer,"Ksh 32,000",https://abmltd.co.ke/products/pantum-m7100dw-a4-mono-laser-printer__a307a843-afeb-4ed3-996f-382d99d02389,https://api.sooq.africa/images/006673a2-39e3-4cd7-a55a-6d6afb0d69e5.jpg,https://abmltd.co.ke/departments/new_printers/brands/new_pantum_printers
Pantum CM1100ADW A4 Color Laser Printer,"Ksh 75,000",https://abmltd.co.ke/products/pantum-cm1100adw-a4-color-laser-printer__457b8eaa-f606-48be-86f2-1652955e1a3c,https://api.sooq.africa/images/70eec11d-668a-4b1c-b0f1-d81cb513cd90.jpg,https://abmltd.co.ke/departments/new_printers/brands/new_pantum_printers
Pantum BM5100FDW A4 Mono Laser Printer,"Ksh 60,000",https://abmltd.co.ke/products/pantum-bm5100fdw-a4-mono-laser-printer__64e4cc71-2744-47c3-b715-044175a996b4,https://api.sooq.africa/images/7aff2cab-5229-4af8-b92c-f02af9f68cf9.jpg,https://abmltd.co.ke/departments/new_printers/brands/new_pantum_printers
Pantum M6559NW A4 Mono Laser Printers,"Ksh 27,000",https://abmltd.co.ke/products/pantum-m6559nw-a4-mono-laser-printers__1a4d528a-9744-47d0-92aa-47d50087131c,https://api.sooq.africa/images/179f2d41-9d34-48d6-844a-2d2ad5ce4320.png,https://abmltd.co.ke/departments/new_printers/brands/new_pantum_printers
Pantum P3010DW Monochrome Laser Printer,"Ksh 26,000",https://abmltd.co.ke/products/pantum-p3010dw-monochrome-laser-printer__e01e634f-fd51-4931-b184-09f3420fd042,https://api.sooq.africa/images/09643b06-a218-48ee-9ca5-50873a7a4568.png,https://abmltd.co.ke/departments/new_printers/brands/new_pantum_printers
Pantum M7310DW A4 Mono Laser Printer,"Ksh 37,000",https://abmltd.co.ke/products/pantum-m7310dw-a4-mono-laser-printer__bced864a-498b-488d-b7a8-a0641c374bf3,https://api.sooq.africa/images/81ab02b3-945e-41b3-8774-add15f8c1fab.jpg,https://abmltd.co.ke/departments/new_printers/brands/new_pantum_printers
Pantum P2509W A4 Mono Laser Printer,"Ksh 18,000",https://abmltd.co.ke/products/pantum-p2509w-a4-mono-laser-printer__38759512-566c-4e1f-bbc8-00f195b44aab,https://api.sooq.africa/images/7c75d848-c37e-47c0-b793-e3954c1ce52b.jpg,https://abmltd.co.ke/departments/new_printers/brands/new_pantum_printers
Pantum M6509NW A4 Mono Laser Printer,"Ksh 23,000",https://abmltd.co.ke/products/pantum-m6509nw-a4-mono-laser-printer__3cf1fb68-37a5-4e26-b949-2c0272a30332,https://api.sooq.africa/images/6f24f39b-79ff-4b21-9437-e116ba0dd2e0.jpg,https://abmltd.co.ke/departments/new_printers/brands/new_pantum_printers
Pantum M6700DW A4 Mono Laser Printer,"Ksh 30,000",https://abmltd.co.ke/products/pantum-m6700dw-a4-mono-laser-printer__852ff92d-1d81-4856-877a-54f4d5d8431f,https://api.sooq.africa/images/db6eaf79-4257-4888-bf41-fe63ae3fd190.jpg,https://abmltd.co.ke/departments/new_printers/brands/new_pantum_printers
Kyocera ECOSYS MA4500ix Mono Multifunction Laser Printer,"Ksh 150,000",https://abmltd.co.ke/products/kyocera-ecosys-ma4500ix-mono-multifunction-laser-printer__3acfc49a-a3fc-4aa1-8204-856638a2c306,https://api.sooq.africa/images/3fd01da5-f0c9-43ed-8af5-885097debd16.png,https://abmltd.co.ke/departments/new_printers/brands/new_kyocera_printers
KYOCERA ECOSYS MA3500cix A4 Colour Multifunctional Laser Pri...,"Ksh 140,000",https://abmltd.co.ke/products/kyocera-ecosys-ma3500cix-a4-colour-multifunctional-laser-pri---__0b3a4d0c-b5cf-454e-b181-712d347b35b3,https://api.sooq.africa/images/323be451-1007-4da6-9642-83cdf8720bd1.png,https://abmltd.co.ke/departments/new_printers/brands/new_kyocera_printers
Kyocera ECOSYS M8124cidn,"Ksh 390,000",https://abmltd.co.ke/products/kyocera-ecosys-m8124cidn__ead245ce-4875-4f53-a94e-8b1268d127a8,https://api.sooq.africa/images/5f066270-36b0-42d6-a089-e452473d2220.png,https://abmltd.co.ke/departments/new_printers/brands/new_kyocera_printers
Kyocera Ecosys M4125idn,"Ksh 250,000",https://abmltd.co.ke/products/kyocera-ecosys-m4125idn__7d4bc919-8138-4457-b080-fd8e45c0d93c,https://api.sooq.africa/images/c0931d15-f23f-4fe3-be45-fdd9db81ccab.PNG,https://abmltd.co.ke/departments/new_printers/brands/new_kyocera_printers
Kyocera TASKalfa 2554ci,"Ksh 675,000",https://abmltd.co.ke/products/kyocera-taskalfa-2554ci__13905a6e-6926-4805-a080-59e97af113f4,https://api.sooq.africa/images/ab64e7b3-b61e-4ac2-8a3e-db70ac6a87e0.PNG,https://abmltd.co.ke/departments/new_printers/brands/new_kyocera_printers
Konica Minolta Bizhub C287 A3 Color Laser MFP Printer,"Ksh 90,000",https://abmltd.co.ke/products/konica-minolta-bizhub-c287-a3-color-laser-mfp-printer__f6f54455-4867-4d5a-b991-d565af654f25,https://api.sooq.africa/images/e22c92cc-131d-4004-bcf8-bf875a12c7ec.jpg,https://abmltd.co.ke/departments/refurbished_printers
Konica Minolta Bizhub C227 A3 Color Laser MFP Printer,"Ksh 85,000",https://abmltd.co.ke/products/konica-minolta-bizhub-c227-a3-color-laser-mfp-printer__f884a90f-f00e-49c8-b519-ee549eada85d,https://api.sooq.africa/images/f272d951-83c9-4a10-bf94-259a6906627e.jpg,https://abmltd.co.ke/departments/refurbished_printers
Kyocera TASKalfa 3212i A3 Mono Laser MFP Copier,"Ksh 80,000",https://abmltd.co.ke/products/kyocera-taskalfa-3212i-a3-mono-laser-mfp-copier__7fe09882-b72b-46da-b7fe-73c4626ae76e,https://api.sooq.africa/images/00fa968e-a010-4fc4-8abf-c3f283b33c44.png,https://abmltd.co.ke/departments/refurbished_printers
Kyocera TASKalfa 3010i A3 Mono Laser Copier,"Ksh 75,000",https://abmltd.co.ke/products/kyocera-taskalfa-3010i-a3-mono-laser-copier__7153a098-92c8-4841-803b-52f194196151,https://api.sooq.africa/images/555755da-fc0a-4846-aec3-e311c389d50a.jpg,https://abmltd.co.ke/departments/refurbished_printers
Kyocera TASKalfa 2552ci A3 Color Laser MFP Copier,"Ksh 80,000",https://abmltd.co.ke/products/kyocera-taskalfa-2552ci-a3-color-laser-mfp-copier__5c6b5856-a9af-43be-ad95-473a7ae414d2,https://api.sooq.africa/images/2e106a7a-42f4-4710-be63-579eb1560193.jpg,https://abmltd.co.ke/departments/refurbished_printers
Ricoh SP5210sf A4 Mono Laser MFP Copier,"Ksh 38,000",https://abmltd.co.ke/products/ricoh-sp5210sf-a4-mono-laser-mfp-copier__c9a5b09d-a27b-433b-8f4e-189b7f82d65d,https://api.sooq.africa/images/2e77ce9d-454f-49c7-ac38-046ba570e3fd.png,https://abmltd.co.ke/departments/refurbished_printers
Kyocera TASKalfa 3510i A3 Mono Laser Copier,"Ksh 85,000",https://abmltd.co.ke/products/kyocera-taskalfa-3510i-a3-mono-laser-copier__77635dc7-e1f3-434f-b7ba-61d2dc38315f,https://api.sooq.africa/images/99d1a1a4-ce4a-4d53-87d0-fc62e3f1c7bb.jpg,https://abmltd.co.ke/departments/refurbished_printers
Kyocera TASKalfa 3011i A3 Mono Laser Copier,"Ksh 80,000",https://abmltd.co.ke/products/kyocera-taskalfa-3011i-a3-mono-laser-copier__ce0b6ad0-c20a-41db-955f-56c8f34f5cfb,https://api.sooq.africa/images/3dc94e66-ad34-4861-9274-6f8f4c4bb541.jpg,https://abmltd.co.ke/departments/refurbished_printers
Kyocera TASKalfa 3511i A3 Mono Laser MFP Copier,"Ksh 85,000",https://abmltd.co.ke/products/kyocera-taskalfa-3511i-a3-mono-laser-mfp-copier__eaac6d66-16ed-40c3-80b9-568bf46c9c0a,https://api.sooq.africa/images/e8a57d68-93a0-4869-803b-ce874d0f4014.jpg,https://abmltd.co.ke/departments/refurbished_printers
Konica Minolta Bizhub C454 A3 Color Laser MFP Printer,"Ksh 135,000",https://abmltd.co.ke/products/konica-minolta-bizhub-c454-a3-color-laser-mfp-printer__6766f736-1a07-4d27-91c1-4b43ce12d91d,https://api.sooq.africa/images/bf6df1da-f7ed-495b-b8e3-38d829e86b44.jpg,https://abmltd.co.ke/departments/refurbished_printers
Kyocera TASKalfa 3252ci A3 Color Laser MFP Copier,"Ksh 85,000",https://abmltd.co.ke/products/kyocera-taskalfa-3252ci-a3-color-laser-mfp-copier__ec5a7ddf-c1f0-483a-8532-47fd78e09175,https://api.sooq.africa/images/57d18ae1-21b7-458b-8b0f-9f676b2cd846.jpg,https://abmltd.co.ke/departments/refurbished_printers
Kyocera Ecosys FS6525 A3 Mono Laser MFP Copier,"Ksh 65,000",https://abmltd.co.ke/products/kyocera-ecosys-fs6525-a3-mono-laser-mfp-copier__49c07aaf-5ce6-48ca-85b3-cf7796ecbde9,https://api.sooq.africa/images/7d2a611d-a546-4dec-912f-c0998b3fcf45.jpg,https://abmltd.co.ke/departments/refurbished_printers
Kyocera Ecosys P3055 A4 Mono Laser MFP Printer,"Ksh 25,000",https://abmltd.co.ke/products/kyocera-ecosys-p3055-a4-mono-laser-mfp-printer__13865af8-7a49-4215-95c9-0a607c1aa170,https://api.sooq.africa/images/78d42091-997d-401b-9a3f-9189c48b4047.jpg,https://abmltd.co.ke/departments/refurbished_printers
Konica Minolta Bizhub C220 A3 Color Laser MFP Copier,"Ksh 90,000",https://abmltd.co.ke/products/konica-minolta-bizhub-c220-a3-color-laser-mfp-copier__b5f58003-c81d-4d27-bbe5-e066604535ae,https://api.sooq.africa/images/6e7e1cc1-c0d5-473b-935d-31dede4cacba.jpg,https://abmltd.co.ke/departments/refurbished_printers
Kyocera Ecosys M3145idn A4 Mono Laser MFP Printer,"Ksh 45,000",https://abmltd.co.ke/products/kyocera-ecosys-m3145idn-a4-mono-laser-mfp-printer__a7c53bc4-7730-43a8-8c31-2da5e704aa26,https://api.sooq.africa/images/ab9758ea-3c49-4e1b-9ecb-4a300aa6082c.jpg,https://abmltd.co.ke/departments/refurbished_printers
Kyocera Ecosys M3540dn A4 Mono Laser MFP Copier,"Ksh 48,000",https://abmltd.co.ke/products/kyocera-ecosys-m3540dn-a4-mono-laser-mfp-copier__685dece2-3cd8-459d-962e-480e9256981b,https://api.sooq.africa/images/e0eac189-5f6f-4a86-b750-8c75a01e9982.jpg,https://abmltd.co.ke/departments/refurbished_printers
Kyocera Ecosys M2135 A4 Mono Laser MFP Printer,"Ksh 40,000",https://abmltd.co.ke/products/kyocera-ecosys-m2135-a4--mono-laser-mfp-printer__c46d6da0-a0ea-4072-8932-bfaba9c3feec,https://api.sooq.africa/images/0f59df04-97e4-4c76-9f7e-f6fb6ccf6c4b.jpg,https://abmltd.co.ke/departments/refurbished_printers
Kyocera Ecosys FS3140 A4 Mono Laser MFP Printer,"Ksh 42,000",https://abmltd.co.ke/products/kyocera-ecosys-fs3140-a4-mono-laser-mfp-printer__4a8505fa-e642-48c6-a8b0-70028b5c34e6,https://api.sooq.africa/images/d86d199b-da47-4f2c-ac84-22ea2ab81a1c.jpg,https://abmltd.co.ke/departments/refurbished_printers
Kyocera TASKalfa 350ci A4 Color Laser MFP Copier,"Ksh 50,000",https://abmltd.co.ke/products/kyocera-taskalfa-350ci-a4-color-laser-mfp-copier__549fe104-6095-4f29-b488-e0b393b731c9,https://api.sooq.africa/images/9612a8de-0f99-46ee-8ecd-176c3ee27c35.jpg,https://abmltd.co.ke/departments/refurbished_printers
Kyocera TASKalfa 306ci A4 Color Laser MFP Copier,"Ksh 65,000",https://abmltd.co.ke/products/kyocera-taskalfa-306ci-a4-color-laser-mfp-copier__f756392f-5d2b-4301-ad94-050779c33f4c,https://api.sooq.africa/images/2f25b3e2-1c0b-4969-a8a9-9b29188f3925.jpg,https://abmltd.co.ke/departments/refurbished_printers
Kyocera Ecosys M3645idn A4 Mono Laser MFP Printers,"Ksh 45,000",https://abmltd.co.ke/products/kyocera-ecosys-m3645idn-a4-mono-laser-mfp-printers__03238168-6a0a-43f9-ace7-0279b5d51136,https://api.sooq.africa/images/f97ce6b9-2876-4523-9cfb-e57d88b22924.jpg,https://abmltd.co.ke/departments/refurbished_printers
Kyocera Ecosys M2535 A4 Mono Laser MFP Printer,"Ksh 38,000",https://abmltd.co.ke/products/kyocera-ecosys-m2535-a4-mono-laser-mfp-printer__d68a04b7-3866-4854-9112-4dcb06983a61,https://api.sooq.africa/images/53ab945c-fdf2-44bd-92fd-70791ac3de67.jpg,https://abmltd.co.ke/departments/refurbished_printers
Konica Minolta Bizhub C284 A3 Color Laser MFP Printer,"Ksh 105,000",https://abmltd.co.ke/products/konica-minolta-bizhub-c284-a3-color-laser-mfp-printer__975dc2fe-8d68-4cb3-9add-7f4c6a2eb35d,https://api.sooq.africa/images/1287f130-6c2e-41d7-a3ee-36767017b8c8.jpg,https://abmltd.co.ke/departments/refurbished_printers
Konica Minolta Bizhub C308 A3 Color Laser MFP Printer,"Ksh 105,000",https://abmltd.co.ke/products/konica-minolta-bizhub-c308-a3-color-laser-mfp-printer__b1bc4cba-8051-4e90-8261-006066f90de6,https://api.sooq.africa/images/4995347a-7371-420e-b4e8-7f7d46e7cd69.jpg,https://abmltd.co.ke/departments/refurbished_printers
Kyocera TASKalfa 356ci A4 Color Laser MFP Copier,"Ksh 55,000",https://abmltd.co.ke/products/kyocera-taskalfa-356ci-a4-color-laser-mfp-copier__75764406-50fe-4a21-bd52-9ecbcdb81544,https://api.sooq.africa/images/690dfd33-955f-45e4-bc6c-39458f58b984.jpg,https://abmltd.co.ke/departments/refurbished_printers
Konica Minolta Bizhub C558 A3 Color Laser MFP Printer,"Ksh 150,000",https://abmltd.co.ke/products/konica-minolta-bizhub-c558-a3-color-laser-mfp-printer__9e043a38-c19b-42c6-8934-8020b8be99cf,https://api.sooq.africa/images/dbbc979e-76e6-43cf-8ffc-4df2080d1eb4.jpg,https://abmltd.co.ke/departments/refurbished_printers
Konica Minolta Bizhub C368 A3 Color Laser MFP Printer,"Ksh 115,000",https://abmltd.co.ke/products/konica-minolta-bizhub-c368-a3-color-laser-mfp-printer__b9849599-bdc2-4c0d-9b8c-803dec3ad358,https://api.sooq.africa/images/a22c313a-f6a8-4d3e-a13c-8ea0b300901a.jpg,https://abmltd.co.ke/departments/refurbished_printers
Konica Minolta Bizhub C258 A3 Color laser MFP Printer,"Ksh 100,000",https://abmltd.co.ke/products/konica-minolta-bizhub-c258-a3-color-laser-mfp-printer__c322a0f1-8946-435e-bb71-b280bb2dd3af,https://api.sooq.africa/images/b7f98b54-b0f0-428b-b32d-92ef33c3ff5c.jpg,https://abmltd.co.ke/departments/refurbished_printers
Ricoh Aficio SP5200sf A4 Mono Laser MFP Copier,"Ksh 35,000",https://abmltd.co.ke/products/ricoh-aficio-sp5200sf-a4-mono-laser-mfp-copier__d7c3fb83-4ca6-43c9-8996-56ae0a0ca720,https://api.sooq.africa/images/b09c567f-7881-4101-ac85-e80c8a33afcc.png,https://abmltd.co.ke/departments/refurbished_printers
Ricoh Aficio MP C2003 A3 Color Laser MFP Printer,"Ksh 65,000",https://abmltd.co.ke/products/ricoh-aficio-mp-c2003-a3-color-laser-mfp-printer__46b88c5b-759f-4800-a984-34a96a878c47,https://api.sooq.africa/images/a2f91a72-d91f-4732-affa-23253b069eac.jpg,https://abmltd.co.ke/departments/refurbished_printers
Ricoh Aficio MPC 2051 A3 Color Laser MFP Printer,"Ksh 70,000",https://abmltd.co.ke/products/ricoh-aficio-mpc-2051-a3-color-laser-mfp-printer__1f06295d-1f13-468b-9911-0aa7afb1ea96,https://api.sooq.africa/images/d5f14fce-3a99-43a2-94b5-1a5278f58b97.jpg,https://abmltd.co.ke/departments/refurbished_printers
Ricoh Aficio MPC307 A4 Color Laser MFP Printer,"Ksh 55,000",https://abmltd.co.ke/products/ricoh-aficio-mpc307-a4-color-laser-mfp-printer__d622f17e-7c85-48fb-bb4a-00235819616a,https://api.sooq.africa/images/072138b6-c94b-4c70-b0e7-afaafab313f1.jpg,https://abmltd.co.ke/departments/refurbished_printers
Ricoh Aficio MPC2551 A3 Color Laser MFP Printer,"Ksh 75,000",https://abmltd.co.ke/products/ricoh-aficio-mpc2551-a3-color-laser-mfp-printer__97d1ef4c-9285-4aa9-84a0-3346b3ab945b,https://api.sooq.africa/images/51075a66-3869-4ab4-93ab-6c1d7b5c0c82.jpg,https://abmltd.co.ke/departments/refurbished_printers
Ricoh Aficio MPC401 A4 MFP Color Laser Printer,"Ksh 65,000",https://abmltd.co.ke/products/ricoh-aficio-mpc401-a4-mfp-color-laser-printer__058920c6-98cd-4f0f-a6fe-106d1c4f18d8,https://api.sooq.africa/images/57851560-1035-4492-a236-17e0861bf440.jpg,https://abmltd.co.ke/departments/refurbished_printers
Ricoh Aficio MPC3503 A3 Color Laser MFP Printer,"Ksh 100,000",https://abmltd.co.ke/products/ricoh-aficio-mpc3503-a3-color-laser-mfp-printer__3d226272-ce72-4b48-acd9-d1bc104b22e3,https://api.sooq.africa/images/d503788c-b9ee-4d03-bf70-9784cc31b2a2.jpg,https://abmltd.co.ke/departments/refurbished_printers
Ricoh Aficio MPC3003 A3 Color Laser MFP Printer,"Ksh 95,000",https://abmltd.co.ke/products/ricoh-aficio-mpc3003-a3-color-laser-mfp-printer__48f37b8f-5fb2-490f-90e0-41d19b310785,https://api.sooq.africa/images/c4dbdb16-989c-4c36-a21c-722972ff73eb.jpg,https://abmltd.co.ke/departments/refurbished_printers
Ricoh Aficio MPC5503 A3 Color Laser MFP Printer,"Ksh 115,000",https://abmltd.co.ke/products/ricoh-aficio-mpc5503-a3-color-laser-mfp-printer__82c07821-22aa-4c42-b4c8-00769f29504a,https://api.sooq.africa/images/8255af8f-8e28-4f2b-b8f8-09d6409f0efb.jpg,https://abmltd.co.ke/departments/refurbished_printers
Ricoh Aficio MP C6003 A3 Color Laser MFP Printer,"Ksh 135,000",https://abmltd.co.ke/products/ricoh-aficio-mp-c6003-a3-color-laser-mfp-printer__1140cf6e-932a-458b-ae94-519d3ec29b16,https://api.sooq.africa/images/117143d0-d615-4852-969c-1cbcbd91c101.jpg,https://abmltd.co.ke/departments/refurbished_printers
Ricoh Aficio MP C2504 A3 Color Laser MFP Printer,"Ksh 75,000",https://abmltd.co.ke/products/ricoh-aficio-mp-c2504-a3-color-laser-mfp-printer__86f8a2ac-9dbf-4b9f-8e07-2d68acda9ce9,https://api.sooq.africa/images/35c726ec-6d5d-4e73-a88b-d695701bf2bc.jpg,https://abmltd.co.ke/departments/refurbished_printers
Ricoh Aficio MPC2004 A3 Color Laser MFP Printer,"Ksh 70,000",https://abmltd.co.ke/products/ricoh-aficio-mpc2004-a3-color-laser-mfp-printer__474131fb-dd61-4fa1-8c85-244e985c66e5,https://api.sooq.africa/images/ea9ae4ec-8204-4d13-83c7-8c099a8cf33b.jpg,https://abmltd.co.ke/departments/refurbished_printers
Kyocera TASKalfa 4012i,"Ksh 90,000",https://abmltd.co.ke/products/kyocera-taskalfa-4012i__53708641-b58d-4849-b364-63c16e72d57f,https://api.sooq.africa/images/199b9873-a66e-4dfa-b971-b00d6f1ad32d.png,https://abmltd.co.ke/departments/refurbished_printers
Konica Minolta Bizhub C224 A3 Color Laser MFP Printer,"Ksh 100,000",https://abmltd.co.ke/products/konica-minolta-bizhub-c224-a3-color-laser-mfp-printer__5dcbdf61-c01c-47e4-907e-8055be9b632c,https://api.sooq.africa/images/7278a1f2-46e9-4bc0-b248-fad0640e14eb.jpg,https://abmltd.co.ke/departments/refurbished_printers
Konica Minolta Bizhub C364 A3 Color Laser MFP Printer,"Ksh 115,000",https://abmltd.co.ke/products/konica-minolta-bizhub-c364-a3-color-laser-mfp-printer__5ffe52f0-712d-4078-a225-340803140aed,https://api.sooq.africa/images/bbdeacf9-7f26-408f-a7d2-37f11805097f.jpg,https://abmltd.co.ke/departments/refurbished_printers
Kyocera Taskalfa 351ci A4 Colour Multifunction,"Ksh 50,000",https://abmltd.co.ke/products/kyocera-taskalfa-351ci-a4-colour-multifunction__4ef32a6b-213a-4d01-85d1-5570dee85dc4,https://api.sooq.africa/images/65442154-880f-41fc-bd68-34050abaed5d.jpg,https://abmltd.co.ke/departments/refurbished_printers
Kyocera ECOSYS M5521cdn,"Ksh 45,000",https://abmltd.co.ke/products/kyocera-ecosys-m5521cdn__e10e3a21-6939-4b36-9d63-271a6a0398f2,https://api.sooq.africa/images/2a7af4d7-995c-42e9-8f56-d38e1de9d101.PNG,https://abmltd.co.ke/departments/refurbished_printers
Kyocera TASKalfa 2551ci A3 Color Laser MFP Copier,"Ksh 70,000",https://abmltd.co.ke/products/kyocera-taskalfa-2551ci-a3-color-laser-mfp-copier__4e90f041-c82c-4320-b70f-253c0f3dd467,https://api.sooq.africa/images/aee3e095-aae6-4df3-a5fd-83cbb5fd474c.jpg,https://abmltd.co.ke/departments/refurbished_printers
Kyocera ECOSYS M6035cidn,"Ksh 50,000",https://abmltd.co.ke/products/kyocera-ecosys-m6035cidn__4660b9d2-c760-4de1-8160-5cbd4201b59f,https://api.sooq.africa/images/5c13be3a-9d42-446d-b521-41429f47c8c6.jpg,https://abmltd.co.ke/departments/refurbished_printers
Kyocera ECOSYS M6235cidn,"Ksh 50,000",https://abmltd.co.ke/products/kyocera-ecosys-m6235cidn__4ed1f3d4-9d90-43ce-bf63-3f07314ac2f4,https://api.sooq.africa/images/843c11e6-82fd-4cf3-a30a-7c06e0f2814f.png,https://abmltd.co.ke/departments/refurbished_printers
Kyocera TASKalfa 4052ci A3 Colour Multifunctional Printer,"Ksh 100,000",https://abmltd.co.ke/products/kyocera-taskalfa-4052ci-a3-colour-multifunctional-printer__87e8505e-0a50-476f-be13-bf1680dae111,https://api.sooq.africa/images/0e3e8b9d-3fcb-42f7-a309-3118424a1f29.jpg,https://abmltd.co.ke/departments/refurbished_printers
Konica Minolta Bizhub C3350i,"Ksh 55,000",https://abmltd.co.ke/products/konica-minolta-bizhub-c3350i__25dfd411-cfe6-4a1b-ac48-25921c42739a,https://api.sooq.africa/images/38217d33-3779-475b-a37f-9a9d8cd54e70.jpg,https://abmltd.co.ke/departments/refurbished_printers
Kyocera ECOSYS M6230cidn,"Ksh 50,000",https://abmltd.co.ke/products/kyocera-ecosys-m6230cidn__9b2c2dbb-aeaa-41d4-a371-1f4ce7d62501,https://api.sooq.africa/images/0d47949b-84c3-44c8-a986-0464a2bd1f1d.png,https://abmltd.co.ke/departments/refurbished_printers
The Kyocera ECOSYS M6535cidn,"Ksh 50,000",https://abmltd.co.ke/products/the-kyocera-ecosys-m6535cidn__7fc00fc1-5c6c-4605-a2a4-a78c51850887,https://api.sooq.africa/images/512caf99-d2e2-48d2-8b6a-e2bb0788326e.jpg,https://abmltd.co.ke/departments/refurbished_printers
Kyocera TASKalfa 5002i A3 Mono Laser Copier,"Ksh 85,000",https://abmltd.co.ke/products/kyocera-taskalfa-5002i-a3-mono-laser-copier__608009bf-fcfa-45d6-b665-312bb41f14b5,https://api.sooq.africa/images/01fbfe8b-439c-4763-8910-adad43ce9c22.jpg,https://abmltd.co.ke/departments/refurbished_printers
Kyocera Ecosys M3550idn A4 Mono Laser MFP Copier,"Ksh 50,000",https://abmltd.co.ke/products/kyocera-ecosys-m3550idn-a4-mono-laser-mfp-copier__00831b2b-1a20-48fd-828c-0377b43437c6,https://api.sooq.africa/images/7539b8c5-0ba8-4e0a-8c1e-750cabfc6e3d.jpg,https://abmltd.co.ke/departments/refurbished_printers
Kyocera TASKalfa 6002i,"Ksh 100,000",https://abmltd.co.ke/products/kyocera-taskalfa-6002i__3f63f47f-1c38-4679-8155-c36032bdd89b,https://api.sooq.africa/images/d579e1ec-dcba-43df-8f3f-dda0f2d7fb28.jpg,https://abmltd.co.ke/departments/refurbished_printers
Kyocera Taskalfa 5053ci - Colour Multifunctional Printer For...,"Ksh 130,000",https://abmltd.co.ke/products/kyocera-taskalfa-5053ci---colour-multifunctional-printer-for---__67a12f57-b08c-4afb-8386-e71810b72499,https://api.sooq.africa/images/ec4116fd-6842-4cc8-8664-5c9f5caf7176.jpg,https://abmltd.co.ke/departments/refurbished_printers
Kyocera TASKalfa 4053ci A3 Color Laser Multifunction Printer,"Ksh 120,000",https://abmltd.co.ke/products/kyocera-taskalfa-4053ci-a3-color-laser-multifunction-printer__5f26bb8b-af62-4f13-8f83-0fd500463aea,https://api.sooq.africa/images/728de3ae-8bef-465b-80e8-f9331fb58fab.jpg,https://abmltd.co.ke/departments/refurbished_printers
Konica Minolta bizhub C3320i,"Ksh 50,000",https://abmltd.co.ke/products/konica-minolta-bizhub-c3320i__7ed2a07e-6749-441a-9a48-ee790b2e08d1,https://api.sooq.africa/images/ba7446df-5182-40cb-833f-1a90d4bf83cc.png,https://abmltd.co.ke/departments/refurbished_printers
Kyocera TASK alfa 6003i A3 MFP Printer,"Ksh 120,000",https://abmltd.co.ke/products/kyocera-task-alfa-6003i-a3-mfp-printer__020b86bf-dfa0-4bf4-8a15-bb871997b144,https://api.sooq.africa/images/a6647734-2fc3-47be-8b3b-16e58c39f572.png,https://abmltd.co.ke/departments/refurbished_printers
Konica Minolta Bizhub 227 A3 Mono Laser Printer,"Ksh 65,000",https://abmltd.co.ke/products/konica-minolta-bizhub-227-a3-mono-laser-printer__3f21efbe-6041-4873-a881-e15a371a6995,https://api.sooq.africa/images/bcaf2351-8b45-4b1e-838d-37af2a171207.png,https://abmltd.co.ke/departments/refurbished_printers
Ricoh Aficio MPC2503 A3 Color Laser MFP Printer,"Ksh 70,000",https://abmltd.co.ke/products/ricoh-aficio-mpc2503-a3-color-laser-mfp-printer__29a98c88-ebec-417e-a63c-769f6410702e,https://api.sooq.africa/images/6c07c090-383e-4c3e-84c6-d731d1ec4eea.png,https://abmltd.co.ke/departments/refurbished_printers
Ricoh Aficio MPC4503 A3 Color Laser MFP Printer,"Ksh 105,000",https://abmltd.co.ke/products/ricoh-aficio-mpc4503-a3-color-laser-mfp-printer__9c0226d8-1d56-4177-8af8-f5aeedc1e330,https://api.sooq.africa/images/9fc47dc8-7f88-4862-80a1-5b6beb865493.jpg,https://abmltd.co.ke/departments/refurbished_printers
Konica Minolta Bizhub C360 A3 Color Laser Printer,"Ksh 105,000",https://abmltd.co.ke/products/konica-minolta-bizhub-c360-a3-color-laser-printer__66621451-8326-4454-a562-be3b2251ebf1,https://api.sooq.africa/images/55fbbceb-5441-40a1-9304-6bf172e460e3.jpg,https://abmltd.co.ke/departments/refurbished_printers
Kyocera Ecosys M3560idn A4 Mono Laser MFP Copier,"Ksh 65,000",https://abmltd.co.ke/products/kyocera-ecosys-m3560idn-a4-mono-laser-mfp-copier__73f2d88c-75a8-4748-99af-51120ceb1cce,https://api.sooq.africa/images/328f0485-ddc3-4be9-9e41-04edb5e3dab1.jpg,https://abmltd.co.ke/departments/refurbished_printers
Kyocera TASKalfa 5052ci A3 Color Laser Multifunction Printer,"Ksh 110,000",https://abmltd.co.ke/products/kyocera-taskalfa-5052ci-a3-color-laser-multifunction-printer__d22b2dea-9c33-46f1-ba93-ada4e8925625,https://api.sooq.africa/images/8403dabd-85c5-4ce8-acec-a79d274985b9.png,https://abmltd.co.ke/departments/refurbished_printers
Kyocera KM2560 A3 Mono Laser Copier,"Ksh 65,000",https://abmltd.co.ke/products/kyocera-km2560-a3-mono-laser-copier__a3b80fc7-3199-4365-a50e-430b851d8e8f,https://api.sooq.africa/images/3f87fae9-8c5e-4154-841d-0f88248a82a1.jpg,https://abmltd.co.ke/departments/refurbished_printers
Kyocera TASKalfa 3212i A3 Mono Laser MFP Copier,"Ksh 80,000",https://abmltd.co.ke/products/kyocera-taskalfa-3212i-a3-mono-laser-mfp-copier__7fe09882-b72b-46da-b7fe-73c4626ae76e,https://api.sooq.africa/images/00fa968e-a010-4fc4-8abf-c3f283b33c44.png,https://abmltd.co.ke/departments/refurbished_printers/brands/kyocera_refurbished_printers
Kyocera TASKalfa 3010i A3 Mono Laser Copier,"Ksh 75,000",https://abmltd.co.ke/products/kyocera-taskalfa-3010i-a3-mono-laser-copier__7153a098-92c8-4841-803b-52f194196151,https://api.sooq.africa/images/555755da-fc0a-4846-aec3-e311c389d50a.jpg,https://abmltd.co.ke/departments/refurbished_printers/brands/kyocera_refurbished_printers
Kyocera TASKalfa 2552ci A3 Color Laser MFP Copier,"Ksh 80,000",https://abmltd.co.ke/products/kyocera-taskalfa-2552ci-a3-color-laser-mfp-copier__5c6b5856-a9af-43be-ad95-473a7ae414d2,https://api.sooq.africa/images/2e106a7a-42f4-4710-be63-579eb1560193.jpg,https://abmltd.co.ke/departments/refurbished_printers/brands/kyocera_refurbished_printers
Kyocera TASKalfa 3510i A3 Mono Laser Copier,"Ksh 85,000",https://abmltd.co.ke/products/kyocera-taskalfa-3510i-a3-mono-laser-copier__77635dc7-e1f3-434f-b7ba-61d2dc38315f,https://api.sooq.africa/images/99d1a1a4-ce4a-4d53-87d0-fc62e3f1c7bb.jpg,https://abmltd.co.ke/departments/refurbished_printers/brands/kyocera_refurbished_printers
Kyocera TASKalfa 3011i A3 Mono Laser Copier,"Ksh 80,000",https://abmltd.co.ke/products/kyocera-taskalfa-3011i-a3-mono-laser-copier__ce0b6ad0-c20a-41db-955f-56c8f34f5cfb,https://api.sooq.africa/images/3dc94e66-ad34-4861-9274-6f8f4c4bb541.jpg,https://abmltd.co.ke/departments/refurbished_printers/brands/kyocera_refurbished_printers
Kyocera TASKalfa 3511i A3 Mono Laser MFP Copier,"Ksh 85,000",https://abmltd.co.ke/products/kyocera-taskalfa-3511i-a3-mono-laser-mfp-copier__eaac6d66-16ed-40c3-80b9-568bf46c9c0a,https://api.sooq.africa/images/e8a57d68-93a0-4869-803b-ce874d0f4014.jpg,https://abmltd.co.ke/departments/refurbished_printers/brands/kyocera_refurbished_printers
Kyocera TASKalfa 3252ci A3 Color Laser MFP Copier,"Ksh 85,000",https://abmltd.co.ke/products/kyocera-taskalfa-3252ci-a3-color-laser-mfp-copier__ec5a7ddf-c1f0-483a-8532-47fd78e09175,https://api.sooq.africa/images/57d18ae1-21b7-458b-8b0f-9f676b2cd846.jpg,https://abmltd.co.ke/departments/refurbished_printers/brands/kyocera_refurbished_printers
Kyocera Ecosys FS6525 A3 Mono Laser MFP Copier,"Ksh 65,000",https://abmltd.co.ke/products/kyocera-ecosys-fs6525-a3-mono-laser-mfp-copier__49c07aaf-5ce6-48ca-85b3-cf7796ecbde9,https://api.sooq.africa/images/7d2a611d-a546-4dec-912f-c0998b3fcf45.jpg,https://abmltd.co.ke/departments/refurbished_printers/brands/kyocera_refurbished_printers
Kyocera Ecosys P3055 A4 Mono Laser MFP Printer,"Ksh 25,000",https://abmltd.co.ke/products/kyocera-ecosys-p3055-a4-mono-laser-mfp-printer__13865af8-7a49-4215-95c9-0a607c1aa170,https://api.sooq.africa/images/78d42091-997d-401b-9a3f-9189c48b4047.jpg,https://abmltd.co.ke/departments/refurbished_printers/brands/kyocera_refurbished_printers
Kyocera Ecosys M3145idn A4 Mono Laser MFP Printer,"Ksh 45,000",https://abmltd.co.ke/products/kyocera-ecosys-m3145idn-a4-mono-laser-mfp-printer__a7c53bc4-7730-43a8-8c31-2da5e704aa26,https://api.sooq.africa/images/ab9758ea-3c49-4e1b-9ecb-4a300aa6082c.jpg,https://abmltd.co.ke/departments/refurbished_printers/brands/kyocera_refurbished_printers
Kyocera Ecosys M3540dn A4 Mono Laser MFP Copier,"Ksh 48,000",https://abmltd.co.ke/products/kyocera-ecosys-m3540dn-a4-mono-laser-mfp-copier__685dece2-3cd8-459d-962e-480e9256981b,https://api.sooq.africa/images/e0eac189-5f6f-4a86-b750-8c75a01e9982.jpg,https://abmltd.co.ke/departments/refurbished_printers/brands/kyocera_refurbished_printers
Kyocera Ecosys M2135 A4 Mono Laser MFP Printer,"Ksh 40,000",https://abmltd.co.ke/products/kyocera-ecosys-m2135-a4--mono-laser-mfp-printer__c46d6da0-a0ea-4072-8932-bfaba9c3feec,https://api.sooq.africa/images/0f59df04-97e4-4c76-9f7e-f6fb6ccf6c4b.jpg,https://abmltd.co.ke/departments/refurbished_printers/brands/kyocera_refurbished_printers
Kyocera Ecosys FS3140 A4 Mono Laser MFP Printer,"Ksh 42,000",https://abmltd.co.ke/products/kyocera-ecosys-fs3140-a4-mono-laser-mfp-printer__4a8505fa-e642-48c6-a8b0-70028b5c34e6,https://api.sooq.africa/images/d86d199b-da47-4f2c-ac84-22ea2ab81a1c.jpg,https://abmltd.co.ke/departments/refurbished_printers/brands/kyocera_refurbished_printers
Kyocera TASKalfa 350ci A4 Color Laser MFP Copier,"Ksh 50,000",https://abmltd.co.ke/products/kyocera-taskalfa-350ci-a4-color-laser-mfp-copier__549fe104-6095-4f29-b488-e0b393b731c9,https://api.sooq.africa/images/9612a8de-0f99-46ee-8ecd-176c3ee27c35.jpg,https://abmltd.co.ke/departments/refurbished_printers/brands/kyocera_refurbished_printers
Kyocera TASKalfa 306ci A4 Color Laser MFP Copier,"Ksh 65,000",https://abmltd.co.ke/products/kyocera-taskalfa-306ci-a4-color-laser-mfp-copier__f756392f-5d2b-4301-ad94-050779c33f4c,https://api.sooq.africa/images/2f25b3e2-1c0b-4969-a8a9-9b29188f3925.jpg,https://abmltd.co.ke/departments/refurbished_printers/brands/kyocera_refurbished_printers
Kyocera Ecosys M3645idn A4 Mono Laser MFP Printers,"Ksh 45,000",https://abmltd.co.ke/products/kyocera-ecosys-m3645idn-a4-mono-laser-mfp-printers__03238168-6a0a-43f9-ace7-0279b5d51136,https://api.sooq.africa/images/f97ce6b9-2876-4523-9cfb-e57d88b22924.jpg,https://abmltd.co.ke/departments/refurbished_printers/brands/kyocera_refurbished_printers
Kyocera Ecosys M2535 A4 Mono Laser MFP Printer,"Ksh 38,000",https://abmltd.co.ke/products/kyocera-ecosys-m2535-a4-mono-laser-mfp-printer__d68a04b7-3866-4854-9112-4dcb06983a61,https://api.sooq.africa/images/53ab945c-fdf2-44bd-92fd-70791ac3de67.jpg,https://abmltd.co.ke/departments/refurbished_printers/brands/kyocera_refurbished_printers
Kyocera TASKalfa 356ci A4 Color Laser MFP Copier,"Ksh 55,000",https://abmltd.co.ke/products/kyocera-taskalfa-356ci-a4-color-laser-mfp-copier__75764406-50fe-4a21-bd52-9ecbcdb81544,https://api.sooq.africa/images/690dfd33-955f-45e4-bc6c-39458f58b984.jpg,https://abmltd.co.ke/departments/refurbished_printers/brands/kyocera_refurbished_printers
Kyocera TASKalfa 4012i,"Ksh 90,000",https://abmltd.co.ke/products/kyocera-taskalfa-4012i__53708641-b58d-4849-b364-63c16e72d57f,https://api.sooq.africa/images/199b9873-a66e-4dfa-b971-b00d6f1ad32d.png,https://abmltd.co.ke/departments/refurbished_printers/brands/kyocera_refurbished_printers
Kyocera Taskalfa 351ci A4 Colour Multifunction,"Ksh 50,000",https://abmltd.co.ke/products/kyocera-taskalfa-351ci-a4-colour-multifunction__4ef32a6b-213a-4d01-85d1-5570dee85dc4,https://api.sooq.africa/images/65442154-880f-41fc-bd68-34050abaed5d.jpg,https://abmltd.co.ke/departments/refurbished_printers/brands/kyocera_refurbished_printers
Kyocera ECOSYS M5521cdn,"Ksh 45,000",https://abmltd.co.ke/products/kyocera-ecosys-m5521cdn__e10e3a21-6939-4b36-9d63-271a6a0398f2,https://api.sooq.africa/images/2a7af4d7-995c-42e9-8f56-d38e1de9d101.PNG,https://abmltd.co.ke/departments/refurbished_printers/brands/kyocera_refurbished_printers
Kyocera TASKalfa 2551ci A3 Color Laser MFP Copier,"Ksh 70,000",https://abmltd.co.ke/products/kyocera-taskalfa-2551ci-a3-color-laser-mfp-copier__4e90f041-c82c-4320-b70f-253c0f3dd467,https://api.sooq.africa/images/aee3e095-aae6-4df3-a5fd-83cbb5fd474c.jpg,https://abmltd.co.ke/departments/refurbished_printers/brands/kyocera_refurbished_printers
Kyocera ECOSYS M6035cidn,"Ksh 50,000",https://abmltd.co.ke/products/kyocera-ecosys-m6035cidn__4660b9d2-c760-4de1-8160-5cbd4201b59f,https://api.sooq.africa/images/5c13be3a-9d42-446d-b521-41429f47c8c6.jpg,https://abmltd.co.ke/departments/refurbished_printers/brands/kyocera_refurbished_printers
Kyocera ECOSYS M6235cidn,"Ksh 50,000",https://abmltd.co.ke/products/kyocera-ecosys-m6235cidn__4ed1f3d4-9d90-43ce-bf63-3f07314ac2f4,https://api.sooq.africa/images/843c11e6-82fd-4cf3-a30a-7c06e0f2814f.png,https://abmltd.co.ke/departments/refurbished_printers/brands/kyocera_refurbished_printers
Kyocera TASKalfa 4052ci A3 Colour Multifunctional Printer,"Ksh 100,000",https://abmltd.co.ke/products/kyocera-taskalfa-4052ci-a3-colour-multifunctional-printer__87e8505e-0a50-476f-be13-bf1680dae111,https://api.sooq.africa/images/0e3e8b9d-3fcb-42f7-a309-3118424a1f29.jpg,https://abmltd.co.ke/departments/refurbished_printers/brands/kyocera_refurbished_printers
Kyocera ECOSYS M6230cidn,"Ksh 50,000",https://abmltd.co.ke/products/kyocera-ecosys-m6230cidn__9b2c2dbb-aeaa-41d4-a371-1f4ce7d62501,https://api.sooq.africa/images/0d47949b-84c3-44c8-a986-0464a2bd1f1d.png,https://abmltd.co.ke/departments/refurbished_printers/brands/kyocera_refurbished_printers
The Kyocera ECOSYS M6535cidn,"Ksh 50,000",https://abmltd.co.ke/products/the-kyocera-ecosys-m6535cidn__7fc00fc1-5c6c-4605-a2a4-a78c51850887,https://api.sooq.africa/images/512caf99-d2e2-48d2-8b6a-e2bb0788326e.jpg,https://abmltd.co.ke/departments/refurbished_printers/brands/kyocera_refurbished_printers
Kyocera TASKalfa 5002i A3 Mono Laser Copier,"Ksh 85,000",https://abmltd.co.ke/products/kyocera-taskalfa-5002i-a3-mono-laser-copier__608009bf-fcfa-45d6-b665-312bb41f14b5,https://api.sooq.africa/images/01fbfe8b-439c-4763-8910-adad43ce9c22.jpg,https://abmltd.co.ke/departments/refurbished_printers/brands/kyocera_refurbished_printers
Kyocera Ecosys M3550idn A4 Mono Laser MFP Copier,"Ksh 50,000",https://abmltd.co.ke/products/kyocera-ecosys-m3550idn-a4-mono-laser-mfp-copier__00831b2b-1a20-48fd-828c-0377b43437c6,https://api.sooq.africa/images/7539b8c5-0ba8-4e0a-8c1e-750cabfc6e3d.jpg,https://abmltd.co.ke/departments/refurbished_printers/brands/kyocera_refurbished_printers
Kyocera TASKalfa 6002i,"Ksh 100,000",https://abmltd.co.ke/products/kyocera-taskalfa-6002i__3f63f47f-1c38-4679-8155-c36032bdd89b,https://api.sooq.africa/images/d579e1ec-dcba-43df-8f3f-dda0f2d7fb28.jpg,https://abmltd.co.ke/departments/refurbished_printers/brands/kyocera_refurbished_printers
Kyocera Taskalfa 5053ci - Colour Multifunctional Printer For...,"Ksh 130,000",https://abmltd.co.ke/products/kyocera-taskalfa-5053ci---colour-multifunctional-printer-for---__67a12f57-b08c-4afb-8386-e71810b72499,https://api.sooq.africa/images/ec4116fd-6842-4cc8-8664-5c9f5caf7176.jpg,https://abmltd.co.ke/departments/refurbished_printers/brands/kyocera_refurbished_printers
Kyocera TASKalfa 4053ci A3 Color Laser Multifunction Printer,"Ksh 120,000",https://abmltd.co.ke/products/kyocera-taskalfa-4053ci-a3-color-laser-multifunction-printer__5f26bb8b-af62-4f13-8f83-0fd500463aea,https://api.sooq.africa/images/728de3ae-8bef-465b-80e8-f9331fb58fab.jpg,https://abmltd.co.ke/departments/refurbished_printers/brands/kyocera_refurbished_printers
Kyocera TASK alfa 6003i A3 MFP Printer,"Ksh 120,000",https://abmltd.co.ke/products/kyocera-task-alfa-6003i-a3-mfp-printer__020b86bf-dfa0-4bf4-8a15-bb871997b144,https://api.sooq.africa/images/a6647734-2fc3-47be-8b3b-16e58c39f572.png,https://abmltd.co.ke/departments/refurbished_printers/brands/kyocera_refurbished_printers
Kyocera Ecosys M3560idn A4 Mono Laser MFP Copier,"Ksh 65,000",https://abmltd.co.ke/products/kyocera-ecosys-m3560idn-a4-mono-laser-mfp-copier__73f2d88c-75a8-4748-99af-51120ceb1cce,https://api.sooq.africa/images/328f0485-ddc3-4be9-9e41-04edb5e3dab1.jpg,https://abmltd.co.ke/departments/refurbished_printers/brands/kyocera_refurbished_printers
Kyocera TASKalfa 5052ci A3 Color Laser Multifunction Printer,"Ksh 110,000",https://abmltd.co.ke/products/kyocera-taskalfa-5052ci-a3-color-laser-multifunction-printer__d22b2dea-9c33-46f1-ba93-ada4e8925625,https://api.sooq.africa/images/8403dabd-85c5-4ce8-acec-a79d274985b9.png,https://abmltd.co.ke/departments/refurbished_printers/brands/kyocera_refurbished_printers
Kyocera KM2560 A3 Mono Laser Copier,"Ksh 65,000",https://abmltd.co.ke/products/kyocera-km2560-a3-mono-laser-copier__a3b80fc7-3199-4365-a50e-430b851d8e8f,https://api.sooq.africa/images/3f87fae9-8c5e-4154-841d-0f88248a82a1.jpg,https://abmltd.co.ke/departments/refurbished_printers/brands/kyocera_refurbished_printers
Ricoh SP5210sf A4 Mono Laser MFP Copier,"Ksh 38,000",https://abmltd.co.ke/products/ricoh-sp5210sf-a4-mono-laser-mfp-copier__c9a5b09d-a27b-433b-8f4e-189b7f82d65d,https://api.sooq.africa/images/2e77ce9d-454f-49c7-ac38-046ba570e3fd.png,https://abmltd.co.ke/departments/refurbished_printers/brands/ricoh_refurbished_printers
Ricoh Aficio SP5200sf A4 Mono Laser MFP Copier,"Ksh 35,000",https://abmltd.co.ke/products/ricoh-aficio-sp5200sf-a4-mono-laser-mfp-copier__d7c3fb83-4ca6-43c9-8996-56ae0a0ca720,https://api.sooq.africa/images/b09c567f-7881-4101-ac85-e80c8a33afcc.png,https://abmltd.co.ke/departments/refurbished_printers/brands/ricoh_refurbished_printers
Ricoh Aficio MP C2003 A3 Color Laser MFP Printer,"Ksh 65,000",https://abmltd.co.ke/products/ricoh-aficio-mp-c2003-a3-color-laser-mfp-printer__46b88c5b-759f-4800-a984-34a96a878c47,https://api.sooq.africa/images/a2f91a72-d91f-4732-affa-23253b069eac.jpg,https://abmltd.co.ke/departments/refurbished_printers/brands/ricoh_refurbished_printers
Ricoh Aficio MPC 2051 A3 Color Laser MFP Printer,"Ksh 70,000",https://abmltd.co.ke/products/ricoh-aficio-mpc-2051-a3-color-laser-mfp-printer__1f06295d-1f13-468b-9911-0aa7afb1ea96,https://api.sooq.africa/images/d5f14fce-3a99-43a2-94b5-1a5278f58b97.jpg,https://abmltd.co.ke/departments/refurbished_printers/brands/ricoh_refurbished_printers
Ricoh Aficio MPC307 A4 Color Laser MFP Printer,"Ksh 55,000",https://abmltd.co.ke/products/ricoh-aficio-mpc307-a4-color-laser-mfp-printer__d622f17e-7c85-48fb-bb4a-00235819616a,https://api.sooq.africa/images/072138b6-c94b-4c70-b0e7-afaafab313f1.jpg,https://abmltd.co.ke/departments/refurbished_printers/brands/ricoh_refurbished_printers
Ricoh Aficio MPC2551 A3 Color Laser MFP Printer,"Ksh 75,000",https://abmltd.co.ke/products/ricoh-aficio-mpc2551-a3-color-laser-mfp-printer__97d1ef4c-9285-4aa9-84a0-3346b3ab945b,https://api.sooq.africa/images/51075a66-3869-4ab4-93ab-6c1d7b5c0c82.jpg,https://abmltd.co.ke/departments/refurbished_printers/brands/ricoh_refurbished_printers
Ricoh Aficio MPC401 A4 MFP Color Laser Printer,"Ksh 65,000",https://abmltd.co.ke/products/ricoh-aficio-mpc401-a4-mfp-color-laser-printer__058920c6-98cd-4f0f-a6fe-106d1c4f18d8,https://api.sooq.africa/images/57851560-1035-4492-a236-17e0861bf440.jpg,https://abmltd.co.ke/departments/refurbished_printers/brands/ricoh_refurbished_printers
Ricoh Aficio MPC3503 A3 Color Laser MFP Printer,"Ksh 100,000",https://abmltd.co.ke/products/ricoh-aficio-mpc3503-a3-color-laser-mfp-printer__3d226272-ce72-4b48-acd9-d1bc104b22e3,https://api.sooq.africa/images/d503788c-b9ee-4d03-bf70-9784cc31b2a2.jpg,https://abmltd.co.ke/departments/refurbished_printers/brands/ricoh_refurbished_printers
Ricoh Aficio MPC3003 A3 Color Laser MFP Printer,"Ksh 95,000",https://abmltd.co.ke/products/ricoh-aficio-mpc3003-a3-color-laser-mfp-printer__48f37b8f-5fb2-490f-90e0-41d19b310785,https://api.sooq.africa/images/c4dbdb16-989c-4c36-a21c-722972ff73eb.jpg,https://abmltd.co.ke/departments/refurbished_printers/brands/ricoh_refurbished_printers
Ricoh Aficio MPC5503 A3 Color Laser MFP Printer,"Ksh 115,000",https://abmltd.co.ke/products/ricoh-aficio-mpc5503-a3-color-laser-mfp-printer__82c07821-22aa-4c42-b4c8-00769f29504a,https://api.sooq.africa/images/8255af8f-8e28-4f2b-b8f8-09d6409f0efb.jpg,https://abmltd.co.ke/departments/refurbished_printers/brands/ricoh_refurbished_printers
Ricoh Aficio MP C6003 A3 Color Laser MFP Printer,"Ksh 135,000",https://abmltd.co.ke/products/ricoh-aficio-mp-c6003-a3-color-laser-mfp-printer__1140cf6e-932a-458b-ae94-519d3ec29b16,https://api.sooq.africa/images/117143d0-d615-4852-969c-1cbcbd91c101.jpg,https://abmltd.co.ke/departments/refurbished_printers/brands/ricoh_refurbished_printers
Ricoh Aficio MP C2504 A3 Color Laser MFP Printer,"Ksh 75,000",https://abmltd.co.ke/products/ricoh-aficio-mp-c2504-a3-color-laser-mfp-printer__86f8a2ac-9dbf-4b9f-8e07-2d68acda9ce9,https://api.sooq.africa/images/35c726ec-6d5d-4e73-a88b-d695701bf2bc.jpg,https://abmltd.co.ke/departments/refurbished_printers/brands/ricoh_refurbished_printers
Ricoh Aficio MPC2004 A3 Color Laser MFP Printer,"Ksh 70,000",https://abmltd.co.ke/products/ricoh-aficio-mpc2004-a3-color-laser-mfp-printer__474131fb-dd61-4fa1-8c85-244e985c66e5,https://api.sooq.africa/images/ea9ae4ec-8204-4d13-83c7-8c099a8cf33b.jpg,https://abmltd.co.ke/departments/refurbished_printers/brands/ricoh_refurbished_printers
Ricoh Aficio MPC2503 A3 Color Laser MFP Printer,"Ksh 70,000",https://abmltd.co.ke/products/ricoh-aficio-mpc2503-a3-color-laser-mfp-printer__29a98c88-ebec-417e-a63c-769f6410702e,https://api.sooq.africa/images/6c07c090-383e-4c3e-84c6-d731d1ec4eea.png,https://abmltd.co.ke/departments/refurbished_printers/brands/ricoh_refurbished_printers
Ricoh Aficio MPC4503 A3 Color Laser MFP Printer,"Ksh 105,000",https://abmltd.co.ke/products/ricoh-aficio-mpc4503-a3-color-laser-mfp-printer__9c0226d8-1d56-4177-8af8-f5aeedc1e330,https://api.sooq.africa/images/9fc47dc8-7f88-4862-80a1-5b6beb865493.jpg,https://abmltd.co.ke/departments/refurbished_printers/brands/ricoh_refurbished_printers
Konica Minolta Bizhub C287 A3 Color Laser MFP Printer,"Ksh 90,000",https://abmltd.co.ke/products/konica-minolta-bizhub-c287-a3-color-laser-mfp-printer__f6f54455-4867-4d5a-b991-d565af654f25,https://api.sooq.africa/images/e22c92cc-131d-4004-bcf8-bf875a12c7ec.jpg,https://abmltd.co.ke/departments/refurbished_printers/brands/konica_minolta_refurbished_printers
Konica Minolta Bizhub C227 A3 Color Laser MFP Printer,"Ksh 85,000",https://abmltd.co.ke/products/konica-minolta-bizhub-c227-a3-color-laser-mfp-printer__f884a90f-f00e-49c8-b519-ee549eada85d,https://api.sooq.africa/images/f272d951-83c9-4a10-bf94-259a6906627e.jpg,https://abmltd.co.ke/departments/refurbished_printers/brands/konica_minolta_refurbished_printers
Konica Minolta Bizhub C454 A3 Color Laser MFP Printer,"Ksh 135,000",https://abmltd.co.ke/products/konica-minolta-bizhub-c454-a3-color-laser-mfp-printer__6766f736-1a07-4d27-91c1-4b43ce12d91d,https://api.sooq.africa/images/bf6df1da-f7ed-495b-b8e3-38d829e86b44.jpg,https://abmltd.co.ke/departments/refurbished_printers/brands/konica_minolta_refurbished_printers
Konica Minolta Bizhub C220 A3 Color Laser MFP Copier,"Ksh 90,000",https://abmltd.co.ke/products/konica-minolta-bizhub-c220-a3-color-laser-mfp-copier__b5f58003-c81d-4d27-bbe5-e066604535ae,https://api.sooq.africa/images/6e7e1cc1-c0d5-473b-935d-31dede4cacba.jpg,https://abmltd.co.ke/departments/refurbished_printers/brands/konica_minolta_refurbished_printers
Konica Minolta Bizhub C284 A3 Color Laser MFP Printer,"Ksh 105,000",https://abmltd.co.ke/products/konica-minolta-bizhub-c284-a3-color-laser-mfp-printer__975dc2fe-8d68-4cb3-9add-7f4c6a2eb35d,https://api.sooq.africa/images/1287f130-6c2e-41d7-a3ee-36767017b8c8.jpg,https://abmltd.co.ke/departments/refurbished_printers/brands/konica_minolta_refurbished_printers
Konica Minolta Bizhub C308 A3 Color Laser MFP Printer,"Ksh 105,000",https://abmltd.co.ke/products/konica-minolta-bizhub-c308-a3-color-laser-mfp-printer__b1bc4cba-8051-4e90-8261-006066f90de6,https://api.sooq.africa/images/4995347a-7371-420e-b4e8-7f7d46e7cd69.jpg,https://abmltd.co.ke/departments/refurbished_printers/brands/konica_minolta_refurbished_printers
Konica Minolta Bizhub C558 A3 Color Laser MFP Printer,"Ksh 150,000",https://abmltd.co.ke/products/konica-minolta-bizhub-c558-a3-color-laser-mfp-printer__9e043a38-c19b-42c6-8934-8020b8be99cf,https://api.sooq.africa/images/dbbc979e-76e6-43cf-8ffc-4df2080d1eb4.jpg,https://abmltd.co.ke/departments/refurbished_printers/brands/konica_minolta_refurbished_printers
Konica Minolta Bizhub C368 A3 Color Laser MFP Printer,"Ksh 115,000",https://abmltd.co.ke/products/konica-minolta-bizhub-c368-a3-color-laser-mfp-printer__b9849599-bdc2-4c0d-9b8c-803dec3ad358,https://api.sooq.africa/images/a22c313a-f6a8-4d3e-a13c-8ea0b300901a.jpg,https://abmltd.co.ke/departments/refurbished_printers/brands/konica_minolta_refurbished_printers
Konica Minolta Bizhub C258 A3 Color laser MFP Printer,"Ksh 100,000",https://abmltd.co.ke/products/konica-minolta-bizhub-c258-a3-color-laser-mfp-printer__c322a0f1-8946-435e-bb71-b280bb2dd3af,https://api.sooq.africa/images/b7f98b54-b0f0-428b-b32d-92ef33c3ff5c.jpg,https://abmltd.co.ke/departments/refurbished_printers/brands/konica_minolta_refurbished_printers
Konica Minolta Bizhub C224 A3 Color Laser MFP Printer,"Ksh 100,000",https://abmltd.co.ke/products/konica-minolta-bizhub-c224-a3-color-laser-mfp-printer__5dcbdf61-c01c-47e4-907e-8055be9b632c,https://api.sooq.africa/images/7278a1f2-46e9-4bc0-b248-fad0640e14eb.jpg,https://abmltd.co.ke/departments/refurbished_printers/brands/konica_minolta_refurbished_printers
Konica Minolta Bizhub C364 A3 Color Laser MFP Printer,"Ksh 115,000",https://abmltd.co.ke/products/konica-minolta-bizhub-c364-a3-color-laser-mfp-printer__5ffe52f0-712d-4078-a225-340803140aed,https://api.sooq.africa/images/bbdeacf9-7f26-408f-a7d2-37f11805097f.jpg,https://abmltd.co.ke/departments/refurbished_printers/brands/konica_minolta_refurbished_printers
Konica Minolta Bizhub C3350i,"Ksh 55,000",https://abmltd.co.ke/products/konica-minolta-bizhub-c3350i__25dfd411-cfe6-4a1b-ac48-25921c42739a,https://api.sooq.africa/images/38217d33-3779-475b-a37f-9a9d8cd54e70.jpg,https://abmltd.co.ke/departments/refurbished_printers/brands/konica_minolta_refurbished_printers
Konica Minolta bizhub C3320i,"Ksh 50,000",https://abmltd.co.ke/products/konica-minolta-bizhub-c3320i__7ed2a07e-6749-441a-9a48-ee790b2e08d1,https://api.sooq.africa/images/ba7446df-5182-40cb-833f-1a90d4bf83cc.png,https://abmltd.co.ke/departments/refurbished_printers/brands/konica_minolta_refurbished_printers
Konica Minolta Bizhub 227 A3 Mono Laser Printer,"Ksh 65,000",https://abmltd.co.ke/products/konica-minolta-bizhub-227-a3-mono-laser-printer__3f21efbe-6041-4873-a881-e15a371a6995,https://api.sooq.africa/images/bcaf2351-8b45-4b1e-838d-37af2a171207.png,https://abmltd.co.ke/departments/refurbished_printers/brands/konica_minolta_refurbished_printers
Konica Minolta Bizhub C360 A3 Color Laser Printer,"Ksh 105,000",https://abmltd.co.ke/products/konica-minolta-bizhub-c360-a3-color-laser-printer__66621451-8326-4454-a562-be3b2251ebf1,https://api.sooq.africa/images/55fbbceb-5441-40a1-9304-6bf172e460e3.jpg,https://abmltd.co.ke/departments/refurbished_printers/brands/konica_minolta_refurbished_printers
Bizhub TN216/319K Optimum Black Toner Cartridge,"Ksh 4,000",https://abmltd.co.ke/products/bizhub-tn216-319k-optimum-black-toner-cartridge__7345735e-b807-48ea-aace-fce25c68c8f7,https://api.sooq.africa/images/5c28c390-ee48-4259-a7c0-273b6859478b.jpg,https://abmltd.co.ke/departments/optimum_cartridges
Ricoh 1230D Optimum Toner Cartridge,"Ksh 1,200",https://abmltd.co.ke/products/ricoh-1230d-optimum-toner-cartridge__d63e0fdb-5248-4ae5-bc32-e0de375c0f29,https://api.sooq.africa/images/b75df468-acdc-43df-b2af-ad0b4e9eb0ff.jpg,https://abmltd.co.ke/departments/optimum_cartridges
Ricoh 1270D Optimum Toner Cartridge,"Ksh 1,200",https://abmltd.co.ke/products/ricoh-1270d-optimum-toner-cartridge__c7d534ab-a5f3-4910-8943-5c63320c2963,https://api.sooq.africa/images/685d144a-af98-4fff-9ac4-ba3403ff9204.jpg,https://abmltd.co.ke/departments/optimum_cartridges
Bizhub TN-324/512/514K Optimum Black Toner Cartridge,"Ksh 4,000",https://abmltd.co.ke/products/bizhub-tn-324-512-514k-optimum-black-toner-cartridge__9029a8ec-97a1-4371-a82e-cb29906b5666,https://api.sooq.africa/images/2618ecf1-e8f4-4699-a946-cf4dbb424afc.jpg,https://abmltd.co.ke/departments/optimum_cartridges
Bizhub TN321K Optimum Black Toner Cartridge,"Ksh 4,000",https://abmltd.co.ke/products/bizhub-tn321k-optimum-black-toner-cartridge__0c52c249-283a-4d23-833b-b332f56469c2,https://api.sooq.africa/images/1f712ae3-afe4-44a3-940e-112d4f1ed1c0.jpg,https://abmltd.co.ke/departments/optimum_cartridges
Bizhub TN216/319C Optimum Cyan Toner Cartridge,"Ksh 5,000",https://abmltd.co.ke/products/bizhub-tn216-319c-optimum-cyan-toner-cartridge__ac3cc014-5ab8-4189-9f7c-9f18ea1f836c,https://api.sooq.africa/images/fbf5d7e6-7810-4ef0-a3c8-7c933abd209f.jpg,https://abmltd.co.ke/departments/optimum_cartridges
Bizhub TN321C Optimum Cyan Toner Cartridge,"Ksh 5,000",https://abmltd.co.ke/products/bizhub-tn321c-optimum-cyan-toner-cartridge__983ddc65-41b5-499f-b071-43a94ed05859,https://api.sooq.africa/images/05946e14-7cdf-4b43-b151-a1a4a733aeb6.jpg,https://abmltd.co.ke/departments/optimum_cartridges
Bizhub TN-324/512/514C Optimum Cyan Toner Cartridge,"Ksh 5,000",https://abmltd.co.ke/products/bizhub-tn-324-512-514c-optimum-cyan-toner-cartridge__24843e74-6140-4489-8377-c18cc2315dd2,https://api.sooq.africa/images/5b4fdb55-42ac-45e4-94e8-80acb957e36f.jpg,https://abmltd.co.ke/departments/optimum_cartridges
Ricoh 1220D Optimum Toner Cartridge,"Ksh 1,200",https://abmltd.co.ke/products/ricoh-1220d-optimum-toner-cartridge__e2e00b8a-43c9-44bf-8be1-bf7a89ce4000,https://api.sooq.africa/images/1ad44fcd-ce84-43a9-8069-6cf348839781.jpg,https://abmltd.co.ke/departments/optimum_cartridges
Bizhub TN-217/414K Optimage Black Toner Cartridge,"Ksh 3,500",https://abmltd.co.ke/products/bizhub-tn-217-414k-optimage-black-toner-cartridge__0ad32f6e-6953-420f-b864-6ee518d9a983,https://api.sooq.africa/images/b87659c1-1e9b-4bae-8592-b4a1d3d48052.jpg,https://abmltd.co.ke/departments/optimum_cartridges
Bizhub TN-221K Optimum Black Toner Cartridge,"Ksh 4,000",https://abmltd.co.ke/products/bizhub-tn-221k-optimum-black-toner-cartridge__2e59471a-fe52-4e42-a814-a5ab9ef38e9e,https://api.sooq.africa/images/5377b15d-bd09-4b56-adb6-92b8afb948dd.jpg,https://abmltd.co.ke/departments/optimum_cartridges
Bizhub TN-328C Optimum Cyan Toner Cartridge,"Ksh 5,000",https://abmltd.co.ke/products/bizhub-tn-328c-optimum-cyan-toner-cartridge__5c41da40-029f-4a6b-abd2-9f2034d7927d,https://api.sooq.africa/images/0f88bbc3-d3de-44eb-9914-5c38f36684fd.jpg,https://abmltd.co.ke/departments/optimum_cartridges
Bizhub TN-221C Optimum Cyan Toner Cartridge,"Ksh 5,000",https://abmltd.co.ke/products/bizhub-tn-221c-optimum-cyan-toner-cartridge__d8755b6e-8438-4a95-89f2-3437f32cef8b,https://api.sooq.africa/images/ebe2d1d2-072f-444d-9004-82ebe50b0918.jpg,https://abmltd.co.ke/departments/optimum_cartridges
Bizhub TN-323K Optimum Black Toner Cartridge,"Ksh 4,000",https://abmltd.co.ke/products/bizhub-tn-323k-optimum-black-toner-cartridge__d85bce4d-f431-4b0f-b115-a0178c8f5c18,https://api.sooq.africa/images/2fb8f8ff-bbd7-4894-a840-168c89c0ec3b.jpg,https://abmltd.co.ke/departments/optimum_cartridges
Bizhub TN-328K Optimum Black Toner Cartridge,"Ksh 4,000",https://abmltd.co.ke/products/bizhub-tn-328k-optimum-black-toner-cartridge__ef70f944-b841-4e69-a667-38f9d0011b8d,https://api.sooq.africa/images/f9d9413e-0d9d-40e6-9e9a-232f1c2b4681.jpg,https://abmltd.co.ke/departments/optimum_cartridges
Ricoh 2220D Optimum Black Toner Cartridge,"Ksh 1,500",https://abmltd.co.ke/products/ricoh-2220d-optimum-black-toner-cartridge__1c20df44-b70a-40e3-b1de-3d0ba071f407,https://api.sooq.africa/images/8542c37d-0136-4056-abab-1b8650cae5df.jpg,https://abmltd.co.ke/departments/optimum_cartridges
Ricoh MP2500 Optimum Black Toner Cartridge,"Ksh 1,500",https://abmltd.co.ke/products/ricoh-mp2500-optimum-black-toner-cartridge__9df1abe0-6a81-4912-9458-52236574feda,https://api.sooq.africa/images/a80dc0a7-d40c-4b25-bc55-cf53517d7fd7.jpg,https://abmltd.co.ke/departments/optimum_cartridges
Kyocera TK-410/435 Optimum Black Toner Cartridge,"Ksh 3,200",https://abmltd.co.ke/products/kyocera-tk-410-435-optimum-black-toner-cartridge__01d6ce81-fad9-4d24-a4d2-c3cc51975ef1,https://api.sooq.africa/images/277e338a-9bd7-4e2d-bd41-e30e6eabbfe4.jpg,https://abmltd.co.ke/departments/optimum_cartridges
Kyocera TK-475 Optimum Black Toner Cartridge,"Ksh 3,500",https://abmltd.co.ke/products/kyocera-tk-475-optimum-black-toner-cartridge__0b973de9-bfda-4476-9f5b-7bb53e33d003,https://api.sooq.africa/images/ef5efdc9-7582-44f1-b494-36db01e24f1a.jpg,https://abmltd.co.ke/departments/optimum_cartridges
Ricoh 1220D Optimage Toner Cartridge,"Ksh 1,000",https://abmltd.co.ke/products/ricoh-1220d-optimage-toner-cartridge__6b38eeed-1abe-4781-913b-3b03586e0843,https://api.sooq.africa/images/98b848d0-224e-4173-9fd5-e7a31448a255.jpg,https://abmltd.co.ke/departments/optimage_cartridges
Bizhub TN216/319K Optimage Black Toner Cartridge,"Ksh 3,500",https://abmltd.co.ke/products/bizhub-tn216-319k-optimage-black-toner-cartridge__4712f3ee-0cd1-4558-b8d7-d5bf66724872,https://api.sooq.africa/images/4dcc06e7-d1bb-438a-b364-4a78c173603f.jpg,https://abmltd.co.ke/departments/optimage_cartridges
Bizhub TN321K Optimage Black Toner Cartridge,"Ksh 3,500",https://abmltd.co.ke/products/bizhub-tn321k-optimage-black-toner-cartridge__af406110-2821-4257-b27d-301d92786e77,https://api.sooq.africa/images/046d575e-949c-4fbb-a142-cb736dd6a3a1.jpg,https://abmltd.co.ke/departments/optimage_cartridges
Bizhub TN216/319C Optimage Cyan Toner Cartridge,"Ksh 4,000",https://abmltd.co.ke/products/bizhub-tn216-319c-optimage-cyan-toner-cartridge__fd2e1975-bcf3-46ab-8c5e-0e83eb96fec2,https://api.sooq.africa/images/c1026119-e3d1-484d-a2ae-fad7fea3ea07.jpg,https://abmltd.co.ke/departments/optimage_cartridges
Bizhub TN321C Optimage Cyan Toner Cartridge,"Ksh 4,500",https://abmltd.co.ke/products/bizhub-tn321c-optimage-cyan-toner-cartridge__af4ba449-a2d0-44ea-ade7-cd32b30d0ef0,https://api.sooq.africa/images/8a9303e2-f54e-410d-87dd-05daaa341614.jpg,https://abmltd.co.ke/departments/optimage_cartridges
Ricoh 1230D Optimage Toner Cartridge,"Ksh 1,000",https://abmltd.co.ke/products/ricoh-1230d-optimage-toner-cartridge__3b014cf9-c0b8-4169-be44-21d6cb5ba93e,https://api.sooq.africa/images/4a5b20c6-5ec4-4f18-bbf3-77c18bebd853.jpg,https://abmltd.co.ke/departments/optimage_cartridges
Ricoh 1270D Optimage Toner Cartridge,"Ksh 1,000",https://abmltd.co.ke/products/ricoh-1270d-optimage-toner-cartridge__92dc4bc1-8e59-4a9c-8cad-396750fdae88,https://api.sooq.africa/images/ae473467-b210-4dd5-a33b-2eac3766113f.jpg,https://abmltd.co.ke/departments/optimage_cartridges
Bizhub TN-324/512/514K Optimage Black Toner Cartridge,"Ksh 3,500",https://abmltd.co.ke/products/bizhub-tn-324-512-514k-optimage-black-toner-cartridge__9be21d31-44fe-49ae-bb09-a7a16118cec6,https://api.sooq.africa/images/356e1c5d-cbe2-43ed-a86d-616b3a6fa9f2.jpg,https://abmltd.co.ke/departments/optimage_cartridges
Bizhub TN-324/512/514C Optimage Cyan Toner Cartridge,"Ksh 4,500",https://abmltd.co.ke/products/bizhub-tn-324-512-514c-optimage-cyan-toner-cartridge__c54e79ac-de57-42cd-8727-dbf982621a1d,https://api.sooq.africa/images/11d3601b-8a97-4651-b2e3-abae9c07f095.jpg,https://abmltd.co.ke/departments/optimage_cartridges
Bizhub TN-221K Optimage Black Toner Cartridge,"Ksh 3,500",https://abmltd.co.ke/products/bizhub-tn-221k-optimage-black-toner-cartridge__d5a077fd-665d-4b25-99a4-a8e98ed58c67,https://api.sooq.africa/images/26ef0b8a-dd38-445f-9f88-dab83d75bf8b.jpg,https://abmltd.co.ke/departments/optimage_cartridges
Bizhub TN-221C Optimage Cyan Toner Cartridge,"Ksh 4,500",https://abmltd.co.ke/products/bizhub-tn-221c-optimage-cyan-toner-cartridge__fca6abab-fbd6-4752-b847-34312a87ee1d,https://api.sooq.africa/images/24cef1ec-8042-464c-925e-633f0d70c516.jpg,https://abmltd.co.ke/departments/optimage_cartridges
Bizhub TN-323K Optimage Black Toner Cartridge,"Ksh 3,500",https://abmltd.co.ke/products/bizhub-tn-323k-optimage-black-toner-cartridge__fce2cf5b-6436-484c-a166-c9f3cd28e377,https://api.sooq.africa/images/ba875917-0cd4-410e-920b-a80f487df8a4.jpg,https://abmltd.co.ke/departments/optimage_cartridges
Ricoh 2220D Optimage Black Toner Cartridge,"Ksh 1,300",https://abmltd.co.ke/products/ricoh-2220d-optimage-black-toner-cartridge__3a1b66b1-2e73-470c-b1e8-42413374fd28,https://api.sooq.africa/images/6ab75763-504f-48d9-83b5-d1d3b4541871.jpg,https://abmltd.co.ke/departments/optimage_cartridges
Ricoh MP2500 Optimage Black Toner Cartridge,"Ksh 1,300",https://abmltd.co.ke/products/ricoh-mp2500-optimage-black-toner-cartridge__84f0e65a-42e5-41b4-8af4-0c24c77a28b1,https://api.sooq.africa/images/d21b0759-701e-4952-ab99-892ee11d680c.jpg,https://abmltd.co.ke/departments/optimage_cartridges
Ricoh MP2501 Optimage Black Toner Cartridge,"Ksh 1,000",https://abmltd.co.ke/products/ricoh-mp2501-optimage-black-toner-cartridge__f6a44524-e41d-4fe4-84d5-e2e7214e3ec3,https://api.sooq.africa/images/86885d69-b707-4c42-911f-e5cc0ea23b46.jpg,https://abmltd.co.ke/departments/optimage_cartridges
Kyocera TK-410/435 Optimage Black Toner Cartridge,"Ksh 3,000",https://abmltd.co.ke/products/kyocera-tk-410-435-optimage-black-toner-cartridge__d67d8506-8662-4c90-bc88-27181d8a10d2,https://api.sooq.africa/images/8833763c-45e5-4983-8704-43e4273b2973.jpg,https://abmltd.co.ke/departments/optimage_cartridges
Kyocera TK-475 Optimage Black Toner Cartridge,"Ksh 3,000",https://abmltd.co.ke/products/kyocera-tk-475-optimage-black-toner-cartridge__d1f26e2e-b641-49e1-8500-9cc458298bd4,https://api.sooq.africa/images/f9903a7e-2859-4764-9303-e283b22dc9be.jpg,https://abmltd.co.ke/departments/optimage_cartridges
Kyocera TK-410/435 DT Black Toner Cartridge,"Ksh 2,800",https://abmltd.co.ke/products/kyocera-tk-410-435-dt-black-toner-cartridge__01169685-dd25-436b-9627-aedeaf3d310e,https://api.sooq.africa/images/aa60d78e-45a2-4d74-81e7-37c4bcbf18d8.jpg,https://abmltd.co.ke/departments/dt_cartridges
Kyocera Optimum 870gr Toner Refill,"Ksh 2,500",https://abmltd.co.ke/products/kyocera-optimum-870gr-toner-refill__1d966598-f953-4b48-991a-a6bfb562a67a,https://api.sooq.africa/images/ae7770d2-1d71-4770-b0e9-a27cd524abae.jpg,https://abmltd.co.ke/departments/toner_refills
Kyocera Optimum 435gr Toner Refill,"Ksh 1,250",https://abmltd.co.ke/products/kyocera-optimum-435gr-toner-refill__7291b772-da8a-47ac-9f04-d9ef6e0fe51f,https://api.sooq.africa/images/d80dcfc1-208d-4868-a744-ce7855e03e26.jpg,https://abmltd.co.ke/departments/toner_refills
Ricoh DX2430 Ink,Ksh 600,https://abmltd.co.ke/products/ricoh-dx2430-ink__df90175c-aaab-4121-a7bf-0d314f2dda21,https://api.sooq.africa/images/53a400c3-a1f8-4532-a99c-60e709aed26f.jpg,https://abmltd.co.ke/departments/ink_&_toner_masters
Ricoh DX2330 A4 (35M),"Ksh 1,200",https://abmltd.co.ke/products/ricoh-dx2330-a4-(35m)__e2f8291b-8177-42ee-9984-d1d842557e0a,https://api.sooq.africa/images/9bfbaafb-249d-40e6-923b-321bb740014d.jpg,https://abmltd.co.ke/departments/ink_&_toner_masters
